{
  "controller/View.controller.js": 1727696085992,
  "i18n/i18n.properties": 1727946008953,
  "model/models.js": 1725456524488,
  "controller/Timesheetdata.controller.js": 1727696790076,
  "controller/NewTimesheet.controller.js": 1727691271064,
  "controller/App.controller.js": 1725456524492,
  "manifest.json": 1727948410828,
  "Component.js": 1725456524480,
  "controller/Timesheetdata-dbg.controller.js": 1727696790076,
  "controller/Timesheetdata.controller.js.map": 1727948410996,
  "model/models-dbg.js": 1725456524488,
  "model/models.js.map": 1727948410979,
  "controller/View-dbg.controller.js": 1727696085992,
  "controller/View.controller.js.map": 1727948410985,
  "controller/NewTimesheet-dbg.controller.js": 1727691271064,
  "controller/NewTimesheet.controller.js.map": 1727948411051,
  "controller/App-dbg.controller.js": 1725456524492,
  "controller/App.controller.js.map": 1727948410981,
  "Component-dbg.js": 1725456524480,
  "Component.js.map": 1727948410984,
  "Component-preload.js": 1727948411285,
  "Component-preload.js.map": 1727948411285,
  "view/View.view.xml": 1726838565408,
  "view/Timesheetdata.view.xml": 1727703835906,
  "view/NewTimesheet.view.xml": 1727691983720,
  "view/App.view.xml": 1725456524492,
  "images/glass.jpg": 1725456665692,
  "images/SBP-Logo-for-website-white-1.png": 1725456665692,
  "css/style.css": 1727274280362,
  "Fragments/Headericon.fragment.xml": 1725456701744,
  "index.html": 1727695037262
}